Employee_ID,Name,Gender,Age,Department,Salary,Years_of_Experience,Address
EMP1000,Niaj,Male,58.0,HR,30301.0,,City A
EMP1001,Ivan,Male,48.0,HR,75236.0,8.0,City C
EMP1002,Eva,Female,34.0,HR,96235.0,29.0,City A
EMP1003,Mallory,Male,27.0,HR,84240.0,9.0,
EMP1004,Judy,Female,40.0,HR,95726.0,7.0,City C
EMP1005,Niaj,Female,58.0,Sales,500000.0,1.0,City D
EMP1006,Niaj,Male,38.0,HR,36102.0,3.0,City C
EMP1007,Eva,Female,42.0,Finance,80336.0,,City B
EMP1008,Heidi,Male,30.0,Sales,115314.0,28.0,City C
EMP1009,Grace,Female,30.0,IT,56641.0,25.0,City D
EMP1010,Bob,Male,43.0,IT,64584.0,28.0,City D
EMP1011,Judy,Female,55.0,Finance,62745.0,17.0,City A
EMP1012,Mallory,Male,59.0,,53093.0,25.0,City B
EMP1013,Eva,Male,43.0,Finance,96105.0,24.0,City C
EMP1014,Eva,Female,22.0,Finance,81885.0,1.0,City B
EMP1015,Judy,Male,100.0,Sales,66631.0,6.0,City D
EMP1016,Alice,Female,21.0,Marketing,102991.0,21.0,City B
EMP1017,Charlie,Female,43.0,Finance,34014.0,,City D
EMP1018,Alice,Female,49.0,,41093.0,26.0,City A
EMP1019,Mallory,Male,57.0,IT,48070.0,12.0,City D
EMP1020,Charlie,Male,21.0,HR,65777.0,13.0,City D
EMP1021,Judy,Female,,Marketing,86958.0,13.0,City A
EMP1022,Mallory,Female,52.0,HR,112074.0,29.0,City C
EMP1023,Heidi,Female,31.0,Marketing,40729.0,,City B
EMP1024,Judy,Female,41.0,Sales,75017.0,21.0,City C
EMP1025,Grace,Female,44.0,IT,96320.0,16.0,City B
EMP1026,Eva,Female,46.0,,57751.0,22.0,City C
EMP1027,Bob,Male,47.0,Sales,,21.0,City A
EMP1028,Mallory,Female,35.0,Finance,84748.0,11.0,
EMP1029,David,Male,34.0,,35801.0,28.0,City C
EMP1030,Grace,Female,22.0,Finance,49190.0,5.0,City D
EMP1031,Frank,Male,56.0,HR,79689.0,4.0,City C
EMP1032,Charlie,Male,26.0,Sales,80993.0,3.0,City C
EMP1033,Eva,Female,40.0,HR,59592.0,19.0,City A
EMP1034,Niaj,Male,28.0,Sales,40647.0,20.0,City B
EMP1035,David,Female,58.0,IT,38716.0,25.0,City B
EMP1036,Mallory,Male,37.0,Finance,118891.0,18.0,City D
EMP1037,Judy,Female,23.0,Finance,117545.0,15.0,
EMP1038,Frank,Male,44.0,HR,119912.0,9.0,City B
EMP1039,Charlie,Female,33.0,HR,100316.0,17.0,City B
EMP1040,Eva,Male,28.0,Sales,32368.0,14.0,City D
EMP1041,David,Female,45.0,Finance,107575.0,15.0,City C
EMP1042,Charlie,Female,21.0,Sales,36655.0,1.0,City A
EMP1043,Eva,Male,39.0,Marketing,100031.0,,City A
EMP1044,Mallory,Male,47.0,HR,106429.0,22.0,City B
EMP1045,Eva,Male,,IT,117922.0,22.0,City A
EMP1046,Bob,Female,27.0,Finance,85766.0,3.0,City D
EMP1047,Frank,Male,,,,16.0,
EMP1048,Eva,Male,33.0,IT,62097.0,,City B
EMP1049,Alice,Female,,Marketing,108657.0,25.0,City C
EMP1050,Mallory,Male,55.0,Sales,40966.0,11.0,City D
EMP1051,Alice,Male,59.0,,82921.0,12.0,City B
EMP1052,Heidi,Male,23.0,HR,79726.0,10.0,
EMP1053,Alice,Female,21.0,HR,80300.0,16.0,City D
EMP1054,Ivan,Male,25.0,Marketing,52677.0,,City C
EMP1055,Mallory,Male,23.0,Finance,85609.0,6.0,City B
EMP1056,Heidi,Male,48.0,Sales,86661.0,12.0,
EMP1057,Alice,Male,37.0,IT,61024.0,24.0,City A
EMP1058,Grace,Male,45.0,Marketing,100313.0,28.0,
EMP1059,Alice,Female,53.0,HR,83006.0,21.0,City B
EMP1060,Judy,Male,,Sales,45338.0,8.0,City B
EMP1061,David,Male,55.0,Marketing,98027.0,26.0,City A
EMP1062,Niaj,Male,33.0,IT,110135.0,28.0,City A
EMP1063,Grace,Male,50.0,HR,49508.0,4.0,City C
EMP1064,Ivan,Female,34.0,Finance,33051.0,26.0,City A
EMP1065,Mallory,Female,27.0,Finance,78747.0,8.0,City B
EMP1066,Mallory,Male,33.0,Sales,117142.0,26.0,City C
EMP1067,Heidi,Male,42.0,,,28.0,City B
EMP1068,Ivan,Female,59.0,Marketing,84021.0,18.0,City B
EMP1069,Heidi,Male,40.0,Marketing,96412.0,28.0,City A
EMP1070,David,Male,35.0,Sales,88335.0,28.0,City A
EMP1071,Grace,Female,37.0,HR,86179.0,5.0,City A
EMP1072,David,Female,43.0,Finance,62093.0,9.0,City A
EMP1073,Alice,Female,45.0,HR,99678.0,4.0,City D
EMP1074,Heidi,Male,44.0,HR,110738.0,,
EMP1075,Eva,Male,48.0,Sales,69734.0,22.0,City A
EMP1076,Mallory,Female,34.0,Finance,102615.0,17.0,City D
EMP1077,Charlie,Male,20.0,Finance,103523.0,9.0,City B
EMP1078,Ivan,Male,44.0,IT,47019.0,1.0,City C
EMP1079,Mallory,Female,,Finance,113613.0,21.0,City C
EMP1080,Heidi,Male,28.0,Sales,116672.0,20.0,City C
EMP1081,Charlie,Female,43.0,Finance,103847.0,13.0,City D
EMP1082,Heidi,Female,20.0,Sales,,28.0,
EMP1083,Eva,Male,27.0,Marketing,109634.0,,City A
EMP1084,Ivan,Female,43.0,HR,58251.0,,City A
EMP1085,Charlie,Female,30.0,Sales,55945.0,13.0,City C
EMP1086,Judy,Male,36.0,Sales,62217.0,14.0,City A
EMP1087,Frank,Male,27.0,IT,38308.0,3.0,City A
EMP1088,Niaj,Male,54.0,Marketing,35949.0,29.0,City D
EMP1089,Niaj,Female,54.0,Sales,81990.0,6.0,City B
EMP1090,Grace,Male,52.0,,31150.0,18.0,City B
EMP1091,Heidi,Female,24.0,Marketing,119480.0,19.0,City C
EMP1092,Mallory,Female,58.0,IT,104740.0,5.0,City D
EMP1093,David,Male,47.0,IT,96617.0,15.0,City D
EMP1094,Charlie,Female,26.0,Sales,,25.0,City D
EMP1095,Eva,Male,28.0,Sales,76175.0,2.0,City C
EMP1096,Heidi,Male,27.0,HR,37805.0,10.0,City D
EMP1097,Alice,Male,31.0,Finance,35237.0,24.0,City C
EMP1098,Ivan,Female,53.0,Finance,50056.0,18.0,
EMP1099,Niaj,Male,52.0,Sales,75543.0,27.0,City A
EMP1100,Frank,Male,42.0,Sales,86556.0,13.0,City A
EMP1101,Niaj,Female,,IT,,5.0,City A
EMP1102,Alice,Female,56.0,Marketing,43500.0,23.0,City A
EMP1103,Frank,Female,54.0,HR,83222.0,24.0,City B
EMP1104,Eva,Male,59.0,IT,59375.0,1.0,
EMP1105,Frank,Male,,Marketing,39662.0,22.0,City B
EMP1106,Heidi,Male,46.0,IT,46964.0,1.0,City C
EMP1107,David,Male,54.0,Finance,89638.0,18.0,City B
EMP1108,David,Male,20.0,Marketing,103666.0,15.0,City B
EMP1109,Grace,Male,,HR,115067.0,17.0,City C
EMP1110,David,Female,56.0,Sales,,,City A
EMP1111,Eva,Female,33.0,Finance,99042.0,,City B
EMP1112,Mallory,Female,22.0,,43284.0,26.0,City D
EMP1113,Eva,Male,20.0,IT,102789.0,25.0,City A
EMP1114,Charlie,Male,24.0,IT,114664.0,22.0,City B
EMP1115,Grace,Female,45.0,Sales,,27.0,City D
EMP1116,Charlie,Female,33.0,Finance,39435.0,27.0,City D
EMP1117,Eva,Male,58.0,IT,84340.0,17.0,City A
EMP1118,Bob,Male,46.0,Marketing,74078.0,13.0,City B
EMP1119,Mallory,Female,28.0,HR,108832.0,1.0,City A
EMP1120,Mallory,Male,34.0,Marketing,81293.0,2.0,City A
EMP1121,Charlie,Female,34.0,Sales,108781.0,9.0,City B
EMP1122,Judy,Male,45.0,Marketing,90403.0,3.0,City D
EMP1123,Mallory,Female,32.0,,59124.0,1.0,City D
EMP1124,David,Female,51.0,Sales,73919.0,21.0,City C
EMP1125,David,Female,58.0,IT,,16.0,City C
EMP1126,Niaj,Male,51.0,Sales,92752.0,23.0,City B
EMP1127,Mallory,Female,,Finance,86573.0,6.0,
EMP1128,Heidi,Female,49.0,Marketing,89101.0,28.0,City B
EMP1129,Bob,Male,56.0,Sales,56646.0,17.0,
EMP1130,Charlie,Male,42.0,Marketing,53049.0,5.0,City D
EMP1131,Bob,Male,58.0,IT,109605.0,5.0,City B
EMP1132,Mallory,Male,34.0,IT,,6.0,City A
EMP1133,Grace,Female,48.0,Marketing,70158.0,,City C
EMP1134,Heidi,Female,,HR,95417.0,,
EMP1135,Heidi,Male,32.0,IT,,,City D
EMP1136,Ivan,Female,51.0,IT,39823.0,5.0,City C
EMP1137,Eva,Female,26.0,Marketing,90160.0,,City C
EMP1138,Eva,Male,41.0,HR,71975.0,5.0,City D
EMP1139,Mallory,Male,47.0,Finance,39540.0,10.0,
EMP1140,David,Female,21.0,Finance,46364.0,10.0,City B
EMP1141,Niaj,Male,25.0,,34611.0,19.0,City A
EMP1142,Mallory,Male,47.0,HR,57663.0,17.0,City A
EMP1143,David,Male,47.0,HR,81991.0,21.0,City C
EMP1144,Heidi,Female,39.0,,87679.0,14.0,
EMP1145,Heidi,Female,49.0,Marketing,60977.0,9.0,City B
EMP1146,Eva,Female,,HR,79115.0,14.0,City D
EMP1147,Judy,Male,47.0,Sales,118223.0,1.0,City C
EMP1148,David,Female,44.0,IT,90890.0,,City B
EMP1149,Ivan,Female,58.0,HR,96387.0,13.0,City B
EMP1150,Eva,Female,52.0,Marketing,48071.0,13.0,City B
EMP1151,David,Male,20.0,Sales,89275.0,4.0,City A
EMP1152,Eva,Female,46.0,Finance,,1.0,City C
EMP1153,Mallory,Female,32.0,Marketing,41938.0,17.0,City B
EMP1154,Eva,Female,22.0,Sales,,8.0,City C
EMP1155,Judy,Male,,Finance,34000.0,,City B
EMP1156,Grace,Male,,IT,100588.0,28.0,City C
EMP1157,Mallory,Female,27.0,Sales,68304.0,8.0,City B
EMP1158,Frank,Female,46.0,HR,99449.0,7.0,City C
EMP1159,David,Female,28.0,Finance,112986.0,26.0,City C
EMP1160,Ivan,Female,56.0,Finance,119643.0,26.0,City C
EMP1161,Niaj,Female,,Sales,50764.0,2.0,City A
EMP1162,Frank,Male,43.0,Sales,116027.0,22.0,City D
EMP1163,Charlie,Male,34.0,HR,,22.0,City C
EMP1164,Ivan,Female,51.0,Sales,33373.0,3.0,City B
EMP1165,Alice,Female,51.0,Marketing,42161.0,27.0,City B
EMP1166,Grace,Female,,Finance,57350.0,,City D
EMP1167,Mallory,Male,31.0,Marketing,55351.0,12.0,
EMP1168,Alice,Female,,,,1.0,City D
EMP1169,Heidi,Female,21.0,Marketing,45305.0,22.0,City B
EMP1170,David,Female,22.0,Finance,105353.0,12.0,City B
EMP1171,Frank,Male,56.0,IT,106797.0,5.0,City D
EMP1172,David,Female,36.0,Marketing,95953.0,27.0,City A
EMP1173,Niaj,Male,21.0,Finance,87458.0,25.0,City D
EMP1174,Alice,Male,,IT,50358.0,,City B
EMP1175,Eva,Male,47.0,HR,33267.0,16.0,City A
EMP1176,Alice,Female,42.0,Sales,112745.0,15.0,City B
EMP1177,Grace,Female,56.0,Marketing,119588.0,23.0,City A
EMP1178,Frank,Male,51.0,Sales,68513.0,,City A
EMP1179,Frank,Male,52.0,Sales,56092.0,5.0,City B
EMP1180,David,Female,20.0,,41338.0,,City B
EMP1181,David,Female,38.0,Marketing,30412.0,14.0,City C
EMP1182,Frank,Female,,Marketing,,2.0,City D
EMP1183,Frank,Male,45.0,IT,63496.0,11.0,City B
EMP1184,Judy,Female,51.0,HR,90692.0,19.0,City C
EMP1185,Niaj,Male,,IT,119084.0,7.0,City C
EMP1186,Alice,Male,51.0,Marketing,74425.0,6.0,City A
EMP1187,Charlie,Female,23.0,HR,68756.0,28.0,City D
EMP1188,Alice,Female,30.0,Marketing,48888.0,2.0,City D
EMP1189,Niaj,Female,36.0,Finance,65735.0,6.0,
EMP1190,Niaj,Male,57.0,Sales,77295.0,18.0,City D
EMP1191,Niaj,Female,43.0,IT,113042.0,2.0,City B
EMP1192,Charlie,Male,24.0,Sales,115999.0,18.0,
EMP1193,Heidi,Female,53.0,IT,47955.0,15.0,
EMP1194,David,Male,25.0,Marketing,,27.0,City C
EMP1195,Frank,Female,,Finance,100640.0,,City A
EMP1196,Ivan,Male,30.0,Sales,95510.0,2.0,City A
EMP1197,Alice,Female,35.0,Marketing,64911.0,20.0,City D
EMP1198,Mallory,Female,52.0,Finance,89031.0,25.0,City B
EMP1199,Mallory,Female,28.0,Finance,118726.0,6.0,
EMP1200,Eva,Male,25.0,,,1.0,City C
EMP1201,Niaj,Female,35.0,IT,62479.0,24.0,
EMP1202,Frank,Female,48.0,Finance,,15.0,City A
EMP1203,David,Female,22.0,Sales,74811.0,28.0,City B
EMP1204,Alice,Female,39.0,Sales,66208.0,23.0,
EMP1205,Charlie,Male,,IT,,10.0,City C
EMP1206,Eva,Male,38.0,HR,101180.0,,City C
EMP1207,Bob,Male,45.0,Marketing,73286.0,17.0,City A
EMP1208,Frank,Female,22.0,Marketing,98450.0,5.0,City D
EMP1209,Charlie,Female,38.0,HR,51352.0,29.0,City D
EMP1210,Frank,Female,39.0,,85069.0,4.0,City B
EMP1211,Ivan,Female,51.0,,44397.0,10.0,City A
EMP1212,Mallory,Female,26.0,Sales,,24.0,City C
EMP1213,Frank,Male,52.0,IT,76959.0,17.0,City D
EMP1214,David,Female,59.0,,30728.0,10.0,City A
EMP1215,David,Male,58.0,IT,80517.0,17.0,
EMP1216,Mallory,Male,37.0,Finance,96234.0,,
EMP1217,Niaj,Female,59.0,Finance,69954.0,20.0,City C
EMP1218,Frank,Male,20.0,IT,77280.0,24.0,City D
EMP1219,Alice,Male,30.0,HR,109459.0,5.0,City D
EMP1220,Ivan,Female,47.0,,46779.0,2.0,City C
EMP1221,David,Male,44.0,Finance,93932.0,6.0,City A
EMP1222,Heidi,Female,42.0,Finance,102936.0,21.0,City C
EMP1223,Judy,Male,50.0,Sales,54466.0,2.0,City C
EMP1224,Frank,Male,49.0,Marketing,66939.0,,City A
EMP1225,Alice,Female,54.0,Sales,99896.0,11.0,City B
EMP1226,David,Male,26.0,IT,65270.0,11.0,City B
EMP1227,Heidi,Male,35.0,IT,89163.0,16.0,City D
EMP1228,Eva,Male,45.0,,112637.0,11.0,City C
EMP1229,Heidi,Female,21.0,HR,81934.0,19.0,City A
EMP1230,Eva,Male,20.0,,94895.0,15.0,City C
EMP1231,Ivan,Male,31.0,HR,,25.0,City B
EMP1232,Ivan,Female,24.0,Sales,,23.0,City D
EMP1233,Bob,Female,56.0,HR,90921.0,23.0,City C
EMP1234,Eva,Male,51.0,IT,35486.0,16.0,City A
EMP1235,Bob,Male,28.0,Sales,38335.0,11.0,City D
EMP1236,Judy,Male,54.0,HR,116900.0,22.0,City B
EMP1237,Charlie,Female,38.0,IT,119112.0,16.0,City B
EMP1238,David,Female,35.0,Sales,41130.0,8.0,
EMP1239,Bob,Female,22.0,HR,117508.0,4.0,City D
EMP1240,Mallory,Female,39.0,HR,90566.0,8.0,City C
EMP1241,Heidi,Female,43.0,Finance,96703.0,4.0,City A
EMP1242,David,Male,,HR,,24.0,City A
EMP1243,Charlie,Male,43.0,,31062.0,25.0,City C
EMP1244,Eva,Male,,Finance,114076.0,3.0,City A
EMP1245,Ivan,Female,27.0,IT,119780.0,3.0,
EMP1246,Niaj,Female,55.0,IT,51545.0,27.0,
EMP1247,Judy,Male,57.0,Finance,51689.0,29.0,City B
EMP1248,Niaj,Male,59.0,HR,41174.0,,City D
EMP1249,Ivan,Female,39.0,Marketing,118461.0,29.0,City C
EMP1250,Niaj,Male,,Marketing,39348.0,26.0,City D
EMP1251,David,Female,44.0,Finance,,19.0,City C
EMP1252,Ivan,Female,54.0,Sales,68102.0,19.0,City B
EMP1253,Frank,Male,44.0,IT,104460.0,21.0,City D
EMP1254,Frank,Female,48.0,Marketing,119930.0,5.0,City D
EMP1255,Judy,Female,37.0,Marketing,36801.0,18.0,City A
EMP1256,Ivan,Male,37.0,Sales,102267.0,28.0,City A
EMP1257,Niaj,Male,21.0,,78136.0,10.0,City C
EMP1258,Judy,Male,54.0,HR,53625.0,29.0,City A
EMP1259,Mallory,Female,35.0,Marketing,112873.0,22.0,City C
EMP1260,Niaj,Female,55.0,IT,102592.0,21.0,City D
EMP1261,Grace,Male,52.0,Sales,107052.0,6.0,City D
EMP1262,Eva,Female,23.0,Sales,74261.0,1.0,City C
EMP1263,Ivan,Female,,HR,,5.0,City C
EMP1264,Bob,Female,33.0,Sales,51677.0,9.0,City A
EMP1265,Alice,Male,40.0,Marketing,76732.0,12.0,City A
EMP1266,Heidi,Male,39.0,IT,80343.0,26.0,City D
EMP1267,Charlie,Female,27.0,HR,,14.0,City C
EMP1268,Frank,Male,26.0,,92856.0,2.0,City A
EMP1269,Heidi,Female,22.0,Finance,118858.0,17.0,City A
EMP1270,Niaj,Male,36.0,HR,49065.0,14.0,
EMP1271,Mallory,Female,52.0,Sales,,26.0,City A
EMP1272,Heidi,Female,31.0,Sales,,13.0,City C
EMP1273,Heidi,Female,41.0,HR,84693.0,27.0,City A
EMP1274,Alice,Male,41.0,IT,56962.0,9.0,City B
EMP1275,Mallory,Female,49.0,,58295.0,26.0,City C
EMP1276,Eva,Male,57.0,IT,43807.0,25.0,City A
EMP1277,Heidi,Female,57.0,IT,72348.0,15.0,City D
EMP1278,Grace,Female,27.0,Marketing,56432.0,25.0,City D
EMP1279,Grace,Female,46.0,Finance,113285.0,22.0,City B
EMP1280,Mallory,Female,46.0,Sales,87854.0,,City A
EMP1281,Niaj,Female,53.0,IT,70262.0,24.0,City B
EMP1282,Heidi,Female,,Finance,67080.0,11.0,City D
EMP1283,Eva,Female,,Marketing,31324.0,16.0,City A
EMP1284,Alice,Male,,,65909.0,29.0,City B
EMP1285,David,Male,47.0,,119339.0,17.0,City C
EMP1286,Mallory,Female,52.0,IT,,26.0,City B
EMP1287,Bob,Male,24.0,Finance,64578.0,4.0,City A
EMP1288,Mallory,Male,38.0,HR,102124.0,1.0,City D
EMP1289,Bob,Female,23.0,Finance,56790.0,8.0,City D
EMP1290,Judy,Male,54.0,HR,55289.0,17.0,City D
EMP1291,Bob,Male,36.0,Marketing,85129.0,3.0,City D
EMP1292,Frank,Male,47.0,,45485.0,29.0,City A
EMP1293,Grace,Male,49.0,IT,74482.0,20.0,
EMP1294,David,Male,48.0,Finance,116188.0,,City D
EMP1295,Charlie,Male,25.0,IT,34748.0,15.0,City A
EMP1296,Mallory,Female,54.0,Sales,116769.0,24.0,City A
EMP1297,Frank,Male,56.0,,39435.0,22.0,City B
EMP1298,Bob,Male,43.0,,33709.0,14.0,City C
EMP1299,Grace,Male,48.0,Sales,60355.0,,City C
